Workbook

Sheet Task Sheet
C1: CareFlow – Task Sheet
A4: Week | B4: Member | C4: Task | D4: Due Date | E4: Status | F4: Notes
A5: Week 1 | B5: Mosharib | C5: Add more loop-backs and long waits in the data | D5: 13 Oct 2026 | E5: Finished
A6: Week 1 | B6: Mosharib | C6: Check columns (Case ID, Activity, Timestamp) | D6: 13 Oct 2026 | E6: Finished
A7: Week 1 | B7: Mosharib | C7: Write README and commit | D7: 13 Oct 2026 | E7: Finished
A8: Week 1 | B8: Chandana | C8: Set up SQLite/MySQL database | D8: 13 Oct 2026 | E8: Finished
A9: Week 1 | B9: Chandana | C9: Load Mosharib's CSV into the database | D9: 13 Oct 2026 | E9: Finished
A10: Week 1 | B10: Chandana | C10: Write first cleaning SQL | D10: 13 Oct 2026 | E10: Finished
A11: Week 1 | B11: Shubhangi | C11: Load CSV in pandas | D11: 13 Oct 2026 | E11: Finished
A12: Week 1 | B12: Shubhangi | C12: Count patient paths and loop-backs | D12: 13 Oct 2026 | E12: Finished
A13: Week 1 | B13: Shubhangi | C13: Write 4-5 lines of findings | D13: 13 Oct 2026 | E13: Finished
A14: Week 1 | B14: Varshini | C14: Create repo and branches, task sheet | D14: 13 Oct 2026 | E14: Finished
A15: Week 1 | B15: Varshini | C15: Work Distribution Document draft | D15: 13 Oct 2026 | E15: Finished
A16: Week 1 | B16: Varshini | C16: Power BI layout on sample data | D16: 13 Oct 2026 | E16: Finished
A17: Week 2 | B17: Mosharib | C17: Spread Date over 30 days and add Department column | D17: 22 Oct 2026 | E17: In progress | F17: Date and Department added; waiting for more varied data
A18: Week 2 | B18: Mosharib | C18: Make 15-20 different patient paths with more loop-backs and long waits | D18: 22 Oct 2026 | E18: In progress
A19: Week 2 | B19: Mosharib | C19: Python check for nulls, duplicates and time order | D19: 22 Oct 2026 | E19: In progress
A20: Week 2 | B20: Mosharib | C20: Update README with column meanings and commit new CSV | D20: 22 Oct 2026 | E20: In progress
A21: Week 2 | B21: Chandana | C21: Load the new CSV into the database | D21: 22 Oct 2026 | E21: In progress
A22: Week 2 | B22: Chandana | C22: Write cleaning SQL (no duplicates, no nulls, time in order) | D22: 22 Oct 2026 | E22: In progress
A23: Week 2 | B23: Chandana | C23: Write 3 queries: patients per activity, average time, top 5 longest waits | D23: 22 Oct 2026 | E23: In progress
A24: Week 2 | B24: Chandana | C24: Export cleaned table as CSV and commit SQL files | D24: 22 Oct 2026 | E24: In progress
A25: Week 2 | B25: Shubhangi | C25: Load new CSV in pandas and check it | D25: 22 Oct 2026 | E25: In progress
A26: Week 2 | B26: Shubhangi | C26: Count unique paths and list top 5 | D26: 22 Oct 2026 | E26: In progress
A27: Week 2 | B27: Shubhangi | C27: Calculate wait time between activities | D27: 22 Oct 2026 | E27: In progress
A28: Week 2 | B28: Shubhangi | C28: Find loop-backs and slowest activity | D28: 22 Oct 2026 | E28: In progress
A29: Week 2 | B29: Shubhangi | C29: Make 3 charts and write 5 lines of findings | D29: 22 Oct 2026 | E29: In progress
... A34: Week 2 | B34: Varshini | C34: Daily progress reports and nightly commit check | D34: 22 Oct 2026 | E34: In progress

Sheet Summary
A1: Progress Summary
A3: Member | B3: Finished | C3: In progress | D3: Not started | E3: Total | F3: % Finished
A4: Mosharib | B4: =COUNTIFS('Task Sheet'!$B$5:$B$34,$A4,'Task Sheet'!$E$5:$E$34,"Finished") -> 3 | C4: =COUNTIFS('Task Sheet'!$B$5:$B$34,$A4,'Task Sheet'!$E$5:$E$34,"In progress") -> 4 | D4: =COUNTIFS('Task Sheet'!$B$5:$B$34,$A4,'Task Sheet'!$E$5:$E$34,"Not started") -> 0 | E4: =SUM(B4:D4) -> 7 | F4: =IF(E4=0,0,B4/E4) -> 0.42857143
A5: Chandana | B5: =COUNTIFS('Task Sheet'!$B$5:$B$34,$A5,'Task Sheet'!$E$5:$E$34,"Finished") -> 3 | C5: =COUNTIFS('Task Sheet'!$B$5:$B$34,$A5,'Task Sheet'!$E$5:$E$34,"In progress") -> 4 | D5: =COUNTIFS('Task Sheet'!$B$5:$B$34,$A5,'Task Sheet'!$E$5:$E$34,"Not started") -> 0 | E5: =SUM(B5:D5) -> 7 | F5: =IF(E5=0,0,B5/E5) -> 0.42857143
A6: Shubhangi | B6: =COUNTIFS('Task Sheet'!$B$5:$B$34,$A6,'Task Sheet'!$E$5:$E$34,"Finished") -> 3 | C6: =COUNTIFS('Task Sheet'!$B$5:$B$34,$A6,'Task Sheet'!$E$5:$E$34,"In progress") -> 5 | D6: =COUNTIFS('Task Sheet'!$B$5:$B$34,$A6,'Task Sheet'!$E$5:$E$34,"Not started") -> 0 | E6: =SUM(B6:D6) -> 8 | F6: =IF(E6=0,0,B6/E6) -> 0.375
A7: Varshini | B7: =COUNTIFS('Task Sheet'!$B$5:$B$34,$A7,'Task Sheet'!$E$5:$E$34,"Finished") -> 4 | C7: =COUNTIFS('Task Sheet'!$B$5:$B$34,$A7,'Task Sheet'!$E$5:$E$34,"In progress") -> 3 | D7: =COUNTIFS('Task Sheet'!$B$5:$B$34,$A7,'Task Sheet'!$E$5:$E$34,"Not started") -> 1 | E7: =SUM(B7:D7) -> 8 | F7: =IF(E7=0,0,B7/E7) -> 0.5
A8: Team | B8: =SUM(B4:B7) -> 13 | C8: =SUM(C4:C7) -> 16 | D8: =SUM(D4:D7) -> 1 | E8: =SUM(E4:E7) -> 30 | F8: =IF(E8=0,0,B8/E8) -> 0.43333333
A10: Counts update automatically from the Task Sheet tab.
